--
-- PostgreSQL database dump
--

-- Dumped from database version 12.22 (Ubuntu 12.22-0ubuntu0.20.04.4)
-- Dumped by pg_dump version 12.22 (Ubuntu 12.22-0ubuntu0.20.04.4)

SET statement_timeout = 0;
SET lock_timeout = 0;
SET idle_in_transaction_session_timeout = 0;
SET client_encoding = 'UTF8';
SET standard_conforming_strings = on;
SELECT pg_catalog.set_config('search_path', '', false);
SET check_function_bodies = false;
SET xmloption = content;
SET client_min_messages = warning;
SET row_security = off;

DROP DATABASE universe;
--
-- Name: universe; Type: DATABASE; Schema: -; Owner: freecodecamp
--

CREATE DATABASE universe WITH TEMPLATE = template0 ENCODING = 'UTF8' LC_COLLATE = 'C.UTF-8' LC_CTYPE = 'C.UTF-8';


ALTER DATABASE universe OWNER TO freecodecamp;

\connect universe

SET statement_timeout = 0;
SET lock_timeout = 0;
SET idle_in_transaction_session_timeout = 0;
SET client_encoding = 'UTF8';
SET standard_conforming_strings = on;
SELECT pg_catalog.set_config('search_path', '', false);
SET check_function_bodies = false;
SET xmloption = content;
SET client_min_messages = warning;
SET row_security = off;

SET default_tablespace = '';

SET default_table_access_method = heap;

--
-- Name: empty; Type: TABLE; Schema: public; Owner: freecodecamp
--

CREATE TABLE public.empty (
    empty_id integer NOT NULL,
    name character varying(30) NOT NULL,
    age numeric
);


ALTER TABLE public.empty OWNER TO freecodecamp;

--
-- Name: empty_empty_id_seq; Type: SEQUENCE; Schema: public; Owner: freecodecamp
--

CREATE SEQUENCE public.empty_empty_id_seq
    AS integer
    START WITH 1
    INCREMENT BY 1
    NO MINVALUE
    NO MAXVALUE
    CACHE 1;


ALTER TABLE public.empty_empty_id_seq OWNER TO freecodecamp;

--
-- Name: empty_empty_id_seq; Type: SEQUENCE OWNED BY; Schema: public; Owner: freecodecamp
--

ALTER SEQUENCE public.empty_empty_id_seq OWNED BY public.empty.empty_id;


--
-- Name: galaxy; Type: TABLE; Schema: public; Owner: freecodecamp
--

CREATE TABLE public.galaxy (
    galaxy_id integer NOT NULL,
    name character varying(30) NOT NULL,
    age integer,
    has_life boolean,
    distane numeric,
    description text
);


ALTER TABLE public.galaxy OWNER TO freecodecamp;

--
-- Name: galaxy_galaxy_id_seq; Type: SEQUENCE; Schema: public; Owner: freecodecamp
--

CREATE SEQUENCE public.galaxy_galaxy_id_seq
    AS integer
    START WITH 1
    INCREMENT BY 1
    NO MINVALUE
    NO MAXVALUE
    CACHE 1;


ALTER TABLE public.galaxy_galaxy_id_seq OWNER TO freecodecamp;

--
-- Name: galaxy_galaxy_id_seq; Type: SEQUENCE OWNED BY; Schema: public; Owner: freecodecamp
--

ALTER SEQUENCE public.galaxy_galaxy_id_seq OWNED BY public.galaxy.galaxy_id;


--
-- Name: moon; Type: TABLE; Schema: public; Owner: freecodecamp
--

CREATE TABLE public.moon (
    moon_id integer NOT NULL,
    planet_id integer,
    name character varying(30) NOT NULL,
    age integer,
    distance integer,
    has_life boolean
);


ALTER TABLE public.moon OWNER TO freecodecamp;

--
-- Name: moon_moon_id_seq; Type: SEQUENCE; Schema: public; Owner: freecodecamp
--

CREATE SEQUENCE public.moon_moon_id_seq
    AS integer
    START WITH 1
    INCREMENT BY 1
    NO MINVALUE
    NO MAXVALUE
    CACHE 1;


ALTER TABLE public.moon_moon_id_seq OWNER TO freecodecamp;

--
-- Name: moon_moon_id_seq; Type: SEQUENCE OWNED BY; Schema: public; Owner: freecodecamp
--

ALTER SEQUENCE public.moon_moon_id_seq OWNED BY public.moon.moon_id;


--
-- Name: planet; Type: TABLE; Schema: public; Owner: freecodecamp
--

CREATE TABLE public.planet (
    planet_id integer NOT NULL,
    star_id integer NOT NULL,
    name character varying(30) NOT NULL,
    age integer,
    distance integer,
    has_life boolean
);


ALTER TABLE public.planet OWNER TO freecodecamp;

--
-- Name: planet_planet_id_seq; Type: SEQUENCE; Schema: public; Owner: freecodecamp
--

CREATE SEQUENCE public.planet_planet_id_seq
    AS integer
    START WITH 1
    INCREMENT BY 1
    NO MINVALUE
    NO MAXVALUE
    CACHE 1;


ALTER TABLE public.planet_planet_id_seq OWNER TO freecodecamp;

--
-- Name: planet_planet_id_seq; Type: SEQUENCE OWNED BY; Schema: public; Owner: freecodecamp
--

ALTER SEQUENCE public.planet_planet_id_seq OWNED BY public.planet.planet_id;


--
-- Name: star; Type: TABLE; Schema: public; Owner: freecodecamp
--

CREATE TABLE public.star (
    star_id integer NOT NULL,
    galaxy_id integer NOT NULL,
    name character varying(30) NOT NULL,
    age integer,
    distance integer,
    has_life boolean
);


ALTER TABLE public.star OWNER TO freecodecamp;

--
-- Name: star_star_id_seq; Type: SEQUENCE; Schema: public; Owner: freecodecamp
--

CREATE SEQUENCE public.star_star_id_seq
    AS integer
    START WITH 1
    INCREMENT BY 1
    NO MINVALUE
    NO MAXVALUE
    CACHE 1;


ALTER TABLE public.star_star_id_seq OWNER TO freecodecamp;

--
-- Name: star_star_id_seq; Type: SEQUENCE OWNED BY; Schema: public; Owner: freecodecamp
--

ALTER SEQUENCE public.star_star_id_seq OWNED BY public.star.star_id;


--
-- Name: empty empty_id; Type: DEFAULT; Schema: public; Owner: freecodecamp
--

ALTER TABLE ONLY public.empty ALTER COLUMN empty_id SET DEFAULT nextval('public.empty_empty_id_seq'::regclass);


--
-- Name: galaxy galaxy_id; Type: DEFAULT; Schema: public; Owner: freecodecamp
--

ALTER TABLE ONLY public.galaxy ALTER COLUMN galaxy_id SET DEFAULT nextval('public.galaxy_galaxy_id_seq'::regclass);


--
-- Name: moon moon_id; Type: DEFAULT; Schema: public; Owner: freecodecamp
--

ALTER TABLE ONLY public.moon ALTER COLUMN moon_id SET DEFAULT nextval('public.moon_moon_id_seq'::regclass);


--
-- Name: planet planet_id; Type: DEFAULT; Schema: public; Owner: freecodecamp
--

ALTER TABLE ONLY public.planet ALTER COLUMN planet_id SET DEFAULT nextval('public.planet_planet_id_seq'::regclass);


--
-- Name: star star_id; Type: DEFAULT; Schema: public; Owner: freecodecamp
--

ALTER TABLE ONLY public.star ALTER COLUMN star_id SET DEFAULT nextval('public.star_star_id_seq'::regclass);


--
-- Data for Name: empty; Type: TABLE DATA; Schema: public; Owner: freecodecamp
--

INSERT INTO public.empty VALUES (1, 'one', NULL);
INSERT INTO public.empty VALUES (2, 'two', NULL);
INSERT INTO public.empty VALUES (3, 'three', NULL);


--
-- Data for Name: galaxy; Type: TABLE DATA; Schema: public; Owner: freecodecamp
--

INSERT INTO public.galaxy VALUES (1, 'Milky Way', NULL, NULL, NULL, NULL);
INSERT INTO public.galaxy VALUES (2, 'Andromeda', NULL, NULL, NULL, NULL);
INSERT INTO public.galaxy VALUES (3, 'Tringulum', NULL, NULL, NULL, NULL);
INSERT INTO public.galaxy VALUES (4, 'Draco', NULL, NULL, NULL, NULL);
INSERT INTO public.galaxy VALUES (5, 'Sculptor', NULL, NULL, NULL, NULL);
INSERT INTO public.galaxy VALUES (6, 'Fornax', NULL, NULL, NULL, NULL);


--
-- Data for Name: moon; Type: TABLE DATA; Schema: public; Owner: freecodecamp
--

INSERT INTO public.moon VALUES (1, 3, 'The Moon', NULL, NULL, NULL);
INSERT INTO public.moon VALUES (2, 4, 'Phobos', NULL, NULL, NULL);
INSERT INTO public.moon VALUES (3, 5, 'Europa', NULL, NULL, NULL);
INSERT INTO public.moon VALUES (4, 22, 'moon1', NULL, NULL, NULL);
INSERT INTO public.moon VALUES (5, 22, 'moon2', NULL, NULL, NULL);
INSERT INTO public.moon VALUES (6, 22, 'moon3', NULL, NULL, NULL);
INSERT INTO public.moon VALUES (7, 22, 'moon4', NULL, NULL, NULL);
INSERT INTO public.moon VALUES (8, 22, 'moon5', NULL, NULL, NULL);
INSERT INTO public.moon VALUES (9, 22, 'moon6', NULL, NULL, NULL);
INSERT INTO public.moon VALUES (10, 22, 'moon7', NULL, NULL, NULL);
INSERT INTO public.moon VALUES (11, 22, 'moon8', NULL, NULL, NULL);
INSERT INTO public.moon VALUES (12, 22, 'moon9', NULL, NULL, NULL);
INSERT INTO public.moon VALUES (13, 22, 'moon10', NULL, NULL, NULL);
INSERT INTO public.moon VALUES (14, 22, 'moon11', NULL, NULL, NULL);
INSERT INTO public.moon VALUES (15, 22, 'moon12', NULL, NULL, NULL);
INSERT INTO public.moon VALUES (16, 22, 'moon13', NULL, NULL, NULL);
INSERT INTO public.moon VALUES (17, 22, 'moon14', NULL, NULL, NULL);
INSERT INTO public.moon VALUES (18, 22, 'moon15', NULL, NULL, NULL);
INSERT INTO public.moon VALUES (19, 22, 'moon16', NULL, NULL, NULL);
INSERT INTO public.moon VALUES (20, 22, 'moon17', NULL, NULL, NULL);
INSERT INTO public.moon VALUES (21, 22, 'moon18', NULL, NULL, NULL);
INSERT INTO public.moon VALUES (22, 22, 'moon19', NULL, NULL, NULL);
INSERT INTO public.moon VALUES (23, 22, 'moon20', NULL, NULL, NULL);


--
-- Data for Name: planet; Type: TABLE DATA; Schema: public; Owner: freecodecamp
--

INSERT INTO public.planet VALUES (1, 1, 'Mercury', NULL, NULL, NULL);
INSERT INTO public.planet VALUES (2, 1, 'Venus', NULL, NULL, NULL);
INSERT INTO public.planet VALUES (3, 1, 'Earth', NULL, NULL, NULL);
INSERT INTO public.planet VALUES (4, 1, 'Mars', NULL, NULL, NULL);
INSERT INTO public.planet VALUES (5, 1, 'Jupiter', NULL, NULL, NULL);
INSERT INTO public.planet VALUES (6, 1, 'Saturn', NULL, NULL, NULL);
INSERT INTO public.planet VALUES (7, 1, 'Uranus', NULL, NULL, NULL);
INSERT INTO public.planet VALUES (8, 1, 'Neptune', NULL, NULL, NULL);
INSERT INTO public.planet VALUES (18, 5, 'Planet3', NULL, NULL, NULL);
INSERT INTO public.planet VALUES (19, 4, 'Planet2', NULL, NULL, NULL);
INSERT INTO public.planet VALUES (20, 3, 'Planet1', NULL, NULL, NULL);
INSERT INTO public.planet VALUES (21, 5, 'Planet6', NULL, NULL, NULL);
INSERT INTO public.planet VALUES (22, 4, 'Planet5', NULL, NULL, NULL);
INSERT INTO public.planet VALUES (23, 3, 'Planet4', NULL, NULL, NULL);


--
-- Data for Name: star; Type: TABLE DATA; Schema: public; Owner: freecodecamp
--

INSERT INTO public.star VALUES (1, 1, 'Sun', NULL, NULL, NULL);
INSERT INTO public.star VALUES (3, 1, 'Sirius', NULL, NULL, NULL);
INSERT INTO public.star VALUES (4, 1, 'Rigil', NULL, NULL, NULL);
INSERT INTO public.star VALUES (5, 1, 'Antares', NULL, NULL, NULL);
INSERT INTO public.star VALUES (6, 1, 'Altair', NULL, NULL, NULL);
INSERT INTO public.star VALUES (7, 1, 'Polaris', NULL, NULL, NULL);


--
-- Name: empty_empty_id_seq; Type: SEQUENCE SET; Schema: public; Owner: freecodecamp
--

SELECT pg_catalog.setval('public.empty_empty_id_seq', 3, true);


--
-- Name: galaxy_galaxy_id_seq; Type: SEQUENCE SET; Schema: public; Owner: freecodecamp
--

SELECT pg_catalog.setval('public.galaxy_galaxy_id_seq', 6, true);


--
-- Name: moon_moon_id_seq; Type: SEQUENCE SET; Schema: public; Owner: freecodecamp
--

SELECT pg_catalog.setval('public.moon_moon_id_seq', 23, true);


--
-- Name: planet_planet_id_seq; Type: SEQUENCE SET; Schema: public; Owner: freecodecamp
--

SELECT pg_catalog.setval('public.planet_planet_id_seq', 23, true);


--
-- Name: star_star_id_seq; Type: SEQUENCE SET; Schema: public; Owner: freecodecamp
--

SELECT pg_catalog.setval('public.star_star_id_seq', 7, true);


--
-- Name: empty empty_pkey; Type: CONSTRAINT; Schema: public; Owner: freecodecamp
--

ALTER TABLE ONLY public.empty
    ADD CONSTRAINT empty_pkey PRIMARY KEY (empty_id);


--
-- Name: galaxy galaxy_pkey; Type: CONSTRAINT; Schema: public; Owner: freecodecamp
--

ALTER TABLE ONLY public.galaxy
    ADD CONSTRAINT galaxy_pkey PRIMARY KEY (galaxy_id);


--
-- Name: moon moon_pkey; Type: CONSTRAINT; Schema: public; Owner: freecodecamp
--

ALTER TABLE ONLY public.moon
    ADD CONSTRAINT moon_pkey PRIMARY KEY (moon_id);


--
-- Name: empty name; Type: CONSTRAINT; Schema: public; Owner: freecodecamp
--

ALTER TABLE ONLY public.empty
    ADD CONSTRAINT name UNIQUE (name);


--
-- Name: planet planet_pkey; Type: CONSTRAINT; Schema: public; Owner: freecodecamp
--

ALTER TABLE ONLY public.planet
    ADD CONSTRAINT planet_pkey PRIMARY KEY (planet_id);


--
-- Name: star star_pkey; Type: CONSTRAINT; Schema: public; Owner: freecodecamp
--

ALTER TABLE ONLY public.star
    ADD CONSTRAINT star_pkey PRIMARY KEY (star_id);


--
-- Name: galaxy unique_galaxy_name; Type: CONSTRAINT; Schema: public; Owner: freecodecamp
--

ALTER TABLE ONLY public.galaxy
    ADD CONSTRAINT unique_galaxy_name UNIQUE (name);


--
-- Name: moon unique_moon_name; Type: CONSTRAINT; Schema: public; Owner: freecodecamp
--

ALTER TABLE ONLY public.moon
    ADD CONSTRAINT unique_moon_name UNIQUE (name);


--
-- Name: empty unique_name; Type: CONSTRAINT; Schema: public; Owner: freecodecamp
--

ALTER TABLE ONLY public.empty
    ADD CONSTRAINT unique_name UNIQUE (name);


--
-- Name: planet unique_planet_name; Type: CONSTRAINT; Schema: public; Owner: freecodecamp
--

ALTER TABLE ONLY public.planet
    ADD CONSTRAINT unique_planet_name UNIQUE (name);


--
-- Name: star unique_star_name; Type: CONSTRAINT; Schema: public; Owner: freecodecamp
--

ALTER TABLE ONLY public.star
    ADD CONSTRAINT unique_star_name UNIQUE (name);


--
-- Name: moon moon_planet_id_fkey; Type: FK CONSTRAINT; Schema: public; Owner: freecodecamp
--

ALTER TABLE ONLY public.moon
    ADD CONSTRAINT moon_planet_id_fkey FOREIGN KEY (planet_id) REFERENCES public.planet(planet_id);


--
-- Name: planet planet_star_id_fkey; Type: FK CONSTRAINT; Schema: public; Owner: freecodecamp
--

ALTER TABLE ONLY public.planet
    ADD CONSTRAINT planet_star_id_fkey FOREIGN KEY (star_id) REFERENCES public.star(star_id);


--
-- Name: star star_galaxy_id_fkey; Type: FK CONSTRAINT; Schema: public; Owner: freecodecamp
--

ALTER TABLE ONLY public.star
    ADD CONSTRAINT star_galaxy_id_fkey FOREIGN KEY (galaxy_id) REFERENCES public.galaxy(galaxy_id);


--
-- PostgreSQL database dump complete
--

